--
-- Script was generated by Devart dbForge Studio 2019 for MySQL, Version 8.2.23.0
-- Product home page: http://www.devart.com/dbforge/mysql/studio
-- Script date 2023. 05. 24. 13:00:04
-- Server version: 5.5.5-10.1.38-MariaDB
-- Client version: 4.1
--

-- 
-- Disable foreign keys
-- 
/*!40014 SET @OLD_FOREIGN_KEY_CHECKS=@@FOREIGN_KEY_CHECKS, FOREIGN_KEY_CHECKS=0 */;

-- 
-- Set SQL mode
-- 
/*!40101 SET @OLD_SQL_MODE=@@SQL_MODE, SQL_MODE='NO_AUTO_VALUE_ON_ZERO' */;

-- 
-- Set character set the client will use to send SQL statements to the server
--
SET NAMES 'utf8';

DROP DATABASE IF EXISTS carproducts;

CREATE DATABASE IF NOT EXISTS carproducts
	CHARACTER SET utf8
	COLLATE utf8_hungarian_ci;

--
-- Set default database
--
USE carproducts;

--
-- Create table `users`
--
CREATE TABLE IF NOT EXISTS users (
  id INT(11) NOT NULL AUTO_INCREMENT,
  firstName VARCHAR(255) DEFAULT NULL,
  lastName VARCHAR(255) DEFAULT NULL,
  username VARCHAR(255) DEFAULT NULL,
  password VARCHAR(255) DEFAULT NULL,
  email VARCHAR(50) DEFAULT NULL,
  number INT(11) DEFAULT 0,
  PRIMARY KEY (id)
)
ENGINE = INNODB,
AUTO_INCREMENT = 7,
AVG_ROW_LENGTH = 5461,
CHARACTER SET utf8,
COLLATE utf8_hungarian_ci;

--
-- Create table `loggedinusers`
--
CREATE TABLE IF NOT EXISTS loggedinusers (
  id INT(11) NOT NULL AUTO_INCREMENT,
  dateTime DATETIME DEFAULT CURRENT_TIMESTAMP,
  userId INT(11) DEFAULT NULL,
  PRIMARY KEY (id)
)
ENGINE = INNODB,
AUTO_INCREMENT = 82,
AVG_ROW_LENGTH = 2048,
CHARACTER SET utf8,
COLLATE utf8_hungarian_ci;

--
-- Create foreign key
--
ALTER TABLE loggedinusers 
  ADD CONSTRAINT FK_loggedinusers_users_id FOREIGN KEY (userId)
    REFERENCES users(id);

--
-- Create table `products`
--
CREATE TABLE IF NOT EXISTS products (
  id INT(11) NOT NULL AUTO_INCREMENT,
  productName VARCHAR(255) DEFAULT NULL,
  quantity INT(11) DEFAULT NULL,
  price INT(11) DEFAULT NULL,
  isInStock VARCHAR(255) DEFAULT NULL,
  description VARCHAR(255) DEFAULT NULL,
  PRIMARY KEY (id)
)
ENGINE = INNODB,
AUTO_INCREMENT = 50,
AVG_ROW_LENGTH = 5461,
CHARACTER SET utf8,
COLLATE utf8_hungarian_ci;

--
-- Create table `cart`
--
CREATE TABLE IF NOT EXISTS cart (
  id INT(11) NOT NULL AUTO_INCREMENT,
  userId INT(11) DEFAULT NULL,
  productId INT(11) DEFAULT NULL,
  shoppingDate DATETIME DEFAULT CURRENT_TIMESTAMP,
  bought TINYINT(4) DEFAULT NULL,
  quantity INT(11) DEFAULT NULL,
  price INT(11) DEFAULT NULL,
  shoppingId INT(11) DEFAULT NULL,
  PRIMARY KEY (id)
)
ENGINE = INNODB,
AUTO_INCREMENT = 106,
AVG_ROW_LENGTH = 8192,
CHARACTER SET utf8,
COLLATE utf8_hungarian_ci;

--
-- Create foreign key
--
ALTER TABLE cart 
  ADD CONSTRAINT FK_cart_loggedinusers_id FOREIGN KEY (shoppingId)
    REFERENCES loggedinusers(id);

--
-- Create foreign key
--
ALTER TABLE cart 
  ADD CONSTRAINT FK_cart_products_id FOREIGN KEY (productId)
    REFERENCES products(id);

--
-- Create foreign key
--
ALTER TABLE cart 
  ADD CONSTRAINT FK_cart_users_id FOREIGN KEY (userId)
    REFERENCES users(id);

-- 
-- Dumping data for table users
--
INSERT INTO users VALUES
(4, 'Farkas', 'Bence', 'fbence', '$2b$10$mQiU.NDNwVrr7Cdk/uozD.uhGR.94q9GjhvdF5Hje1xdpXKRHoSRW', 'farkas.bence03@gmail.com', 0),
(5, 'Admin', 'Bácsi', 'admin', '$2b$10$cwN/PnDYR98OG/wEf7j.cuFgg81RQ4WpVaWLGD7PhVzc3UFvyqYd2', 'adminba@gmail.com', 1),
(6, 'Kovács', 'Eszter', 'eszti', '$2b$10$UPtmRq6s80oTgdso7yylzeXkcmisESvXGGpQntuKqKJNa.x5D7Dhy', 'k.eszter@gmail.com', 0);

-- 
-- Dumping data for table products
--
INSERT INTO products VALUES
(35, 'Ablaktörlők', 15, 5290, '2', 'Az ilyen típusú lapos ablaktörlővel nem felszerelt régebbi járművek számára a Bosch Aerotwin Retrofit terméket kínál, amely egy speciális adapterrel felszerelve néhány másodperc alatt kicseréli a hagyományos ablaktörlőket. Így egyre több járművezető élvez'),
(36, 'Akkumulátor', 7, 23760, '1', 'Autó akkumulátor 45Ah BOSCH'),
(37, 'BBS Felni', 4, 82883, '16', 'Ezüst színű BBS Felni. Elérhető méretek: 17'' 18'' 19'' 20'''),
(38, 'Benzines kanna', 30, 6990, '5', '5 Literes benzines kanna'),
(39, 'Csavarok', 455, 115, '1650', 'Tex csavarok M 4,2/16 hegyes fejjel'),
(40, 'Fékpofa', 60, 1000, '87', '[SUZUKI / GAMMA] - FÉKPOFA GRT.HÁTSÓ TS125'),
(41, 'Féktárcsa', 10, 25910, '22', 'Hella Pagid féktárcsa HELLA PAGID 8DD 355 116-311'),
(42, 'Gyújtógyertya', 8, 8390, '16', 'NGK Gyújtógyertya ILZKR7D8'),
(43, 'Hátsó lámpák', 10, 6190, '2', 'AVC Hátsólámpa IFA Jobb (33541)'),
(44, 'Katalizátor', 5, 56401, '3', 'A katalizátor a motor azon része, amelyik a jármű káros anyag kibocsájtását csökkenti. Elhelyezkedésileg a kipufogó rendszerben találjuk a csőrendszerbe iktatva, vagy közvetlenül a torokba helyezve.'),
(45, 'Kipufogócső', 30, 7101, '10', 'Aluplatírozott acél kipufogócső, DX53+AS120, Falvastagság: 1,5mm, Hossz: 2m'),
(46, 'Lökhárító', 10, 8150, '80', 'HONDA Jazz Hatchback (GD, GE3, GE2)'),
(47, 'Plüss dobókocka', 8, 1300, '10', 'Tökéletes autó kiegészítők'),
(48, 'Ventilátor', 7, 18990, '12', 'Xiaomi Mi Smart Standing Fan 2 Lite (1C) (PYV4007GL)'),
(49, 'Visszapillantó tükör', 40, 8350, '10', 'Lampa Középső visszapillantó tükör univerzális 65498');

-- 
-- Dumping data for table loggedinusers
--
INSERT INTO loggedinusers VALUES
(1, '2023-05-15 09:37:38', 4),
(2, '2023-05-15 09:41:06', 4),
(3, '2023-05-15 09:54:39', 4),
(4, '2023-05-15 09:57:22', 5),
(5, '2023-05-15 10:00:11', 5),
(6, '2023-05-15 10:01:23', 5),
(7, '2023-05-15 10:02:09', 5),
(8, '2023-05-15 10:02:40', 4),
(9, '2023-05-16 08:27:50', 5),
(10, '2023-05-16 11:21:12', 5),
(11, '2023-05-16 11:21:48', 5),
(12, '2023-05-18 08:39:24', 5),
(13, '2023-05-18 12:16:54', 5),
(14, '2023-05-18 12:17:32', 5),
(15, '2023-05-18 12:41:05', 5),
(17, '2023-05-18 13:27:22', 5),
(18, '2023-05-18 13:34:43', 5),
(19, '2023-05-18 13:48:50', 5),
(20, '2023-05-18 14:01:05', 5),
(21, '2023-05-18 14:01:50', 5),
(22, '2023-05-18 14:15:27', 5),
(23, '2023-05-18 14:24:49', 5),
(24, '2023-05-18 14:25:16', 5),
(25, '2023-05-18 14:26:16', 5),
(26, '2023-05-18 14:32:30', 5),
(27, '2023-05-18 14:35:57', 5),
(28, '2023-05-18 14:37:09', 5),
(29, '2023-05-18 14:52:09', 5),
(30, '2023-05-18 14:57:32', 5),
(31, '2023-05-18 14:58:50', 5),
(32, '2023-05-18 15:01:10', 5),
(33, '2023-05-18 15:04:24', 5),
(34, '2023-05-18 15:05:17', 5),
(35, '2023-05-19 08:04:21', 5),
(36, '2023-05-19 10:33:49', 5),
(37, '2023-05-19 10:54:15', 5),
(38, '2023-05-19 10:57:40', 5),
(39, '2023-05-22 08:44:53', 5),
(40, '2023-05-22 08:50:47', 5),
(41, '2023-05-22 08:52:59', 5),
(42, '2023-05-22 08:53:37', 5),
(43, '2023-05-22 08:54:44', 5),
(44, '2023-05-22 08:56:31', 5),
(45, '2023-05-22 08:57:25', 5),
(46, '2023-05-22 09:00:25', 5),
(47, '2023-05-22 09:03:47', 5),
(48, '2023-05-22 09:05:51', 5),
(49, '2023-05-22 09:11:31', 5),
(50, '2023-05-22 09:12:39', 5),
(51, '2023-05-22 09:14:44', 5),
(52, '2023-05-22 09:16:53', 5),
(53, '2023-05-22 09:18:50', 5),
(54, '2023-05-22 09:20:59', 5),
(55, '2023-05-22 09:21:55', 5),
(56, '2023-05-22 09:23:03', 5),
(57, '2023-05-22 09:24:22', 5),
(58, '2023-05-22 09:25:57', 5),
(59, '2023-05-22 09:26:41', 5),
(60, '2023-05-22 09:27:09', 5),
(61, '2023-05-22 09:27:41', 5),
(62, '2023-05-22 09:28:12', 5),
(63, '2023-05-22 09:28:35', 5),
(64, '2023-05-22 09:29:24', 5),
(65, '2023-05-22 09:37:00', 5),
(66, '2023-05-22 09:39:46', 5),
(67, '2023-05-22 09:45:37', 5),
(68, '2023-05-22 09:47:53', 5),
(69, '2023-05-22 09:50:26', 5),
(70, '2023-05-24 10:42:34', 5),
(71, '2023-05-24 10:43:35', 5),
(72, '2023-05-24 10:43:57', 5),
(73, '2023-05-24 10:47:32', 5),
(74, '2023-05-24 10:48:59', 5),
(75, '2023-05-24 10:49:13', 5),
(76, '2023-05-24 12:03:39', 5),
(77, '2023-05-24 12:05:32', 5),
(78, '2023-05-24 12:06:11', 5),
(79, '2023-05-24 12:31:25', 5),
(80, '2023-05-24 12:31:58', 5),
(81, '2023-05-24 12:33:30', 5);

-- 
-- Dumping data for table cart
--
INSERT INTO cart VALUES
(8, 5, 35, '2023-05-18 14:25:20', 0, 1, 5290, 24),
(9, 5, 36, '2023-05-18 14:26:19', 0, 2, 23760, 25),
(10, 5, 37, '2023-05-18 14:26:25', 0, 1, 82883, 25),
(11, 5, 36, '2023-05-18 14:52:12', 0, 1, 23760, 29),
(12, 5, 36, '2023-05-18 14:52:44', 0, 1, 23760, 29),
(13, 5, 36, '2023-05-18 14:53:33', 0, 1, 23760, 29),
(14, 5, 36, '2023-05-18 14:54:02', 0, 1, 23760, 29),
(15, 5, 36, '2023-05-18 14:56:23', 0, 1, 23760, 29),
(16, 5, 36, '2023-05-18 14:57:09', 0, 1, 23760, 29),
(17, 5, 36, '2023-05-18 14:57:42', 0, 1, 23760, 30),
(18, 5, 36, '2023-05-18 15:01:14', 0, 1, 23760, 32),
(19, 5, 36, '2023-05-18 15:02:31', 0, 1, 23760, 32),
(20, 5, 36, '2023-05-18 15:02:42', 0, 1, 23760, 32),
(21, 5, 36, '2023-05-18 15:03:01', 0, 3, 23760, 32),
(22, 5, 36, '2023-05-18 15:03:14', 0, 2, 23760, 32),
(23, 5, 36, '2023-05-18 15:03:50', 0, 3, 23760, 32),
(24, 5, 35, '2023-05-19 10:31:26', 0, 3, 5290, 35),
(25, 5, 35, '2023-05-19 10:57:44', 0, 1, 5290, 38),
(26, 5, 36, '2023-05-22 08:44:57', 0, 1, 23760, 39),
(27, 5, 36, '2023-05-22 08:50:51', 0, 1, 23760, 40),
(28, 5, 36, '2023-05-22 08:53:03', 0, 1, 23760, 41),
(29, 5, 36, '2023-05-22 08:53:40', 0, 1, 23760, 42),
(30, 5, 36, '2023-05-22 08:54:47', 0, 1, 23760, 43),
(31, 5, 36, '2023-05-22 08:56:35', 0, 1, 23760, 44),
(32, 5, 36, '2023-05-22 08:57:29', 0, 1, 23760, 45),
(33, 5, 37, '2023-05-22 08:58:09', 0, 1, 82883, 45),
(34, 5, 36, '2023-05-22 09:00:28', 0, 1, 23760, 46),
(35, 5, 36, '2023-05-22 09:00:34', 0, 1, 23760, 46),
(36, 5, 36, '2023-05-22 09:01:09', 0, 1, 23760, 46),
(37, 5, 36, '2023-05-22 09:03:50', 0, 1, 23760, 47),
(38, 5, 37, '2023-05-22 09:03:52', 0, 1, 82883, 47),
(39, 5, 36, '2023-05-22 09:05:55', 0, 1, 23760, 48),
(40, 5, 37, '2023-05-22 09:05:57', 0, 1, 82883, 48),
(41, 5, 37, '2023-05-22 09:11:39', 0, 1, 82883, 49),
(42, 5, 36, '2023-05-22 09:12:43', 0, 1, 23760, 50),
(43, 5, 37, '2023-05-22 09:12:45', 0, 1, 82883, 50),
(44, 5, 36, '2023-05-22 09:14:48', 0, 1, 23760, 51),
(45, 5, 37, '2023-05-22 09:14:50', 0, 1, 82883, 51),
(46, 5, 36, '2023-05-22 09:16:58', 0, 1, 23760, 52),
(47, 5, 37, '2023-05-22 09:18:32', 0, 1, 82883, 52),
(48, 5, 35, '2023-05-22 09:18:34', 0, 1, 5290, 52),
(49, 5, 36, '2023-05-22 09:18:53', 0, 1, 23760, 53),
(50, 5, 37, '2023-05-22 09:18:54', 0, 1, 82883, 53),
(51, 5, 35, '2023-05-22 09:18:56', 0, 1, 5290, 53),
(52, 5, 36, '2023-05-22 09:21:03', 0, 1, 23760, 54),
(53, 5, 35, '2023-05-22 09:21:05', 0, 2, 5290, 54),
(54, 5, 37, '2023-05-22 09:21:07', 0, 1, 82883, 54),
(55, 5, 36, '2023-05-22 09:21:58', 0, 1, 23760, 55),
(56, 5, 36, '2023-05-22 09:23:07', 0, 1, 23760, 56),
(57, 5, 35, '2023-05-22 09:23:40', 0, 2, 5290, 56),
(58, 5, 38, '2023-05-22 09:23:42', 0, 1, 6990, 56),
(59, 5, 36, '2023-05-22 09:24:25', 0, 1, 23760, 57),
(60, 5, 36, '2023-05-22 09:26:00', 0, 1, 23760, 58),
(61, 5, 36, '2023-05-22 09:26:44', 0, 1, 23760, 59),
(62, 5, 36, '2023-05-22 09:27:12', 0, 1, 23760, 60),
(63, 5, 36, '2023-05-22 09:27:45', 0, 1, 23760, 61),
(64, 5, 36, '2023-05-22 09:28:15', 0, 1, 23760, 62),
(65, 5, 36, '2023-05-22 09:28:38', 0, 1, 23760, 63),
(66, 5, 36, '2023-05-22 09:29:27', 0, 1, 23760, 64),
(67, 5, 38, '2023-05-22 09:37:04', 0, 3, 6990, 65),
(68, 5, 36, '2023-05-22 09:39:50', 0, 1, 23760, 66),
(69, 5, 36, '2023-05-22 09:45:06', 0, 1, 23760, 66),
(70, 5, 36, '2023-05-22 09:45:50', 0, 1, 23760, 67),
(71, 5, 36, '2023-05-22 09:48:12', 0, 5, 23760, 68),
(72, 5, 36, '2023-05-22 09:51:01', 0, 1, 23760, 69),
(73, 5, 37, '2023-05-22 09:51:02', 0, 1, 82883, 69),
(74, 5, 35, '2023-05-22 09:51:31', 0, 1, 5290, 69),
(75, 5, 36, '2023-05-24 10:43:39', 0, 1, 23760, 71),
(76, 5, 37, '2023-05-24 10:43:43', 0, 1, 82883, 71),
(77, 5, 38, '2023-05-24 10:43:51', 0, 1, 6990, 71),
(78, 5, 36, '2023-05-24 10:47:37', 0, 2, 23760, 73),
(79, 5, 37, '2023-05-24 10:47:44', 0, 3, 82883, 73),
(80, 5, 35, '2023-05-24 10:47:46', 0, 1, 5290, 73),
(81, 5, 36, '2023-05-24 10:49:01', 0, 1, 23760, 74),
(82, 5, 36, '2023-05-24 10:49:15', 0, 1, 23760, 75),
(83, 5, 37, '2023-05-24 10:49:37', 0, 3, 82883, 75),
(84, 5, 38, '2023-05-24 10:49:38', 0, 1, 6990, 75),
(85, 5, 41, '2023-05-24 10:49:41', 0, 2, 25910, 75),
(86, 5, 37, '2023-05-24 10:52:06', 0, 1, 82883, 75),
(87, 5, 36, '2023-05-24 12:03:41', 0, 2, 23760, 76),
(88, 5, 37, '2023-05-24 12:03:42', 0, 1, 82883, 76),
(89, 5, 38, '2023-05-24 12:03:45', 0, 3, 6990, 76),
(90, 5, 43, '2023-05-24 12:03:47', 0, 1, 6190, 76),
(91, 5, 36, '2023-05-24 12:05:35', 0, 2, 23760, 77),
(92, 5, 35, '2023-05-24 12:05:37', 0, 4, 5290, 77),
(93, 5, 37, '2023-05-24 12:05:40', 0, 3, 82883, 77),
(94, 5, 38, '2023-05-24 12:05:42', 0, 1, 6990, 77),
(95, 5, 35, '2023-05-24 12:06:13', 0, 1, 5290, 78),
(96, 5, 36, '2023-05-24 12:06:15', 0, 1, 23760, 78),
(99, 5, 36, '2023-05-24 12:31:27', 0, 1, 23760, 79),
(100, 5, 36, '2023-05-24 12:32:00', 0, 1, 23760, 80),
(101, 5, 37, '2023-05-24 12:32:02', 0, 1, 82883, 80),
(102, 5, 38, '2023-05-24 12:32:04', 0, 1, 6990, 80),
(103, 5, 36, '2023-05-24 12:33:34', 0, 1, 23760, 81),
(105, 5, 38, '2023-05-24 12:33:38', 0, 1, 6990, 81);

-- 
-- Restore previous SQL mode
-- 
/*!40101 SET SQL_MODE=@OLD_SQL_MODE */;

-- 
-- Enable foreign keys
-- 
/*!40014 SET FOREIGN_KEY_CHECKS=@OLD_FOREIGN_KEY_CHECKS */;